5000,Tech Team 1,VFX,20
5001,Tech Team 2,design costume choreography music,2
5002,Tech Team 3,VFX choreography music screenplay costume,5
5003,Tech Team 4,screenplay costume,16
5004,Tech Team 5,choreography screenplay costume design makeup music VFX,16
5005,Tech Team 6,music,32
5006,Tech Team 7,music makeup design VFX costume screenplay,33
5007,Tech Team 8,VFX makeup,27
5008,Tech Team 9,design music VFX makeup costume choreography,10
5009,Tech Team 10,music design costume makeup VFX choreography screenplay,16
50010,Tech Team 11,music,21
50011,Tech Team 12,VFX,21
50012,Tech Team 13,costume makeup design,1
50013,Tech Team 14,makeup choreography screenplay music costume design VFX,30
50014,Tech Team 15,costume design choreography,8
50015,Tech Team 16,design VFX makeup choreography music screenplay,11
50016,Tech Team 17,screenplay makeup,33
50017,Tech Team 18,makeup costume choreography music,4
50018,Tech Team 19,design,35
50019,Tech Team 20,VFX,27
50020,Tech Team 21,screenplay design music VFX makeup costume,12
50021,Tech Team 22,VFX screenplay design costume,23
50022,Tech Team 23,costume design,9
50023,Tech Team 24,VFX,16
50024,Tech Team 25,VFX,4
50025,Tech Team 26,makeup costume choreography screenplay music design VFX,8
50026,Tech Team 27,choreography costume makeup screenplay design VFX music,25
50027,Tech Team 28,costume music makeup design choreography screenplay VFX,3
50028,Tech Team 29,music makeup choreography screenplay,13
50029,Tech Team 30,costume choreography music makeup VFX screenplay,32
50030,Tech Team 31,choreography design music,30
50031,Tech Team 32,VFX design choreography,12
50032,Tech Team 33,VFX design,23
50033,Tech Team 34,makeup screenplay choreography VFX music design costume,16
50034,Tech Team 35,design music makeup,4
50035,Tech Team 36,choreography screenplay design,6
50036,Tech Team 37,choreography makeup design costume VFX music screenplay,23
50037,Tech Team 38,VFX makeup,26
50038,Tech Team 39,choreography design music VFX makeup,24
50039,Tech Team 40,VFX costume choreography design makeup screenplay music,18
50040,Tech Team 41,choreography music,5
50041,Tech Team 42,makeup costume screenplay music VFX,18
50042,Tech Team 43,makeup design screenplay choreography,35
50043,Tech Team 44,music makeup,16
50044,Tech Team 45,costume makeup music design choreography,9
50045,Tech Team 46,music design makeup choreography,4
50046,Tech Team 47,screenplay design music makeup,7
50047,Tech Team 48,choreography costume VFX makeup music screenplay,15
50048,Tech Team 49,screenplay costume,19
50049,Tech Team 50,choreography VFX screenplay costume music design,24
50050,Tech Team 51,costume,13
50051,Tech Team 52,VFX screenplay choreography music makeup design,29
50052,Tech Team 53,VFX makeup design screenplay costume music choreography,17
50053,Tech Team 54,choreography design screenplay makeup,19
50054,Tech Team 55,design music costume screenplay choreography,31
50055,Tech Team 56,VFX screenplay costume choreography makeup,4
50056,Tech Team 57,screenplay choreography VFX,13
50057,Tech Team 58,makeup design costume VFX,30
50058,Tech Team 59,music,2
50059,Tech Team 60,music VFX costume,27
50060,Tech Team 61,music design,11
50061,Tech Team 62,design,30
50062,Tech Team 63,costume choreography VFX music design screenplay,22
50063,Tech Team 64,design screenplay,22
50064,Tech Team 65,VFX music,4
50065,Tech Team 66,choreography music makeup costume screenplay VFX design,20
50066,Tech Team 67,costume screenplay,31
50067,Tech Team 68,music costume makeup,24
50068,Tech Team 69,design costume screenplay,1
50069,Tech Team 70,music choreography,8
50070,Tech Team 71,music,4
50071,Tech Team 72,screenplay design VFX,9
50072,Tech Team 73,VFX music makeup choreography screenplay design,33
50073,Tech Team 74,choreography screenplay makeup costume music,4
50074,Tech Team 75,choreography design music VFX costume makeup,5
50075,Tech Team 76,music screenplay design makeup choreography costume VFX,28
50076,Tech Team 77,choreography screenplay VFX costume makeup design,9
50077,Tech Team 78,screenplay makeup,14
50078,Tech Team 79,makeup design screenplay costume choreography,19
50079,Tech Team 80,design,30
50080,Tech Team 81,VFX music makeup,29
50081,Tech Team 82,choreography makeup costume screenplay VFX,7
50082,Tech Team 83,choreography music VFX design makeup screenplay,5
50083,Tech Team 84,choreography music design makeup screenplay costume,28
50084,Tech Team 85,screenplay design VFX choreography costume music,1
50085,Tech Team 86,design choreography screenplay costume music VFX makeup,25
50086,Tech Team 87,design,8
50087,Tech Team 88,VFX design costume music,26
50088,Tech Team 89,choreography screenplay VFX music costume design makeup,11
50089,Tech Team 90,choreography costume screenplay,26
50090,Tech Team 91,costume makeup music choreography VFX screenplay design,30
50091,Tech Team 92,screenplay VFX costume design choreography makeup,8
50092,Tech Team 93,music makeup costume VFX choreography,21
50093,Tech Team 94,choreography costume music screenplay,25
50094,Tech Team 95,costume VFX screenplay makeup music choreography,15
50095,Tech Team 96,costume choreography VFX,16
50096,Tech Team 97,design music screenplay VFX makeup choreography costume,26
50097,Tech Team 98,VFX choreography screenplay,4
50098,Tech Team 99,costume,9
50099,Tech Team 100,VFX makeup costume,11
500100,Tech Team 101,music,20
500101,Tech Team 102,VFX screenplay design,25
500102,Tech Team 103,screenplay choreography VFX costume,2
500103,Tech Team 104,choreography costume design screenplay makeup VFX music,30
500104,Tech Team 105,choreography makeup screenplay,13
500105,Tech Team 106,makeup costume design music choreography VFX screenplay,7
500106,Tech Team 107,VFX makeup screenplay choreography,10
500107,Tech Team 108,design VFX choreography music,15
500108,Tech Team 109,music VFX screenplay makeup choreography design costume,23
500109,Tech Team 110,makeup design VFX costume screenplay choreography music,30
500110,Tech Team 111,music costume choreography screenplay makeup VFX design,1
500111,Tech Team 112,design costume music screenplay VFX,23
500112,Tech Team 113,music,9
500113,Tech Team 114,makeup design VFX,33
500114,Tech Team 115,costume makeup screenplay,33
500115,Tech Team 116,makeup screenplay costume music VFX choreography design,4
500116,Tech Team 117,makeup VFX design screenplay choreography costume music,5
500117,Tech Team 118,screenplay design music costume VFX choreography,6
500118,Tech Team 119,design screenplay choreography costume makeup,6
500119,Tech Team 120,music costume,27
500120,Tech Team 121,makeup,25
500121,Tech Team 122,screenplay design choreography music makeup VFX costume,1
500122,Tech Team 123,screenplay music choreography makeup,14
500123,Tech Team 124,VFX design,34
500124,Tech Team 125,music costume screenplay design choreography VFX makeup,11
500125,Tech Team 126,makeup costume choreography music screenplay design,18
500126,Tech Team 127,makeup VFX,15
500127,Tech Team 128,music screenplay design choreography VFX makeup,5
500128,Tech Team 129,choreography costume VFX makeup music screenplay design,8
500129,Tech Team 130,music VFX makeup screenplay choreography design costume,35
500130,Tech Team 131,choreography design screenplay,17
500131,Tech Team 132,choreography,25
500132,Tech Team 133,screenplay,25
500133,Tech Team 134,makeup design VFX screenplay choreography costume,15
500134,Tech Team 135,costume screenplay makeup choreography design,21
500135,Tech Team 136,makeup costume,32
500136,Tech Team 137,costume,33
500137,Tech Team 138,design VFX choreography music makeup costume,26
500138,Tech Team 139,design costume choreography screenplay makeup VFX music,8
500139,Tech Team 140,design choreography makeup VFX,31
500140,Tech Team 141,screenplay makeup costume choreography music design VFX,26
500141,Tech Team 142,choreography music,2
500142,Tech Team 143,screenplay design costume choreography makeup,21
500143,Tech Team 144,music design VFX makeup costume choreography screenplay,24
500144,Tech Team 145,makeup design music VFX choreography,20
500145,Tech Team 146,screenplay VFX design makeup choreography costume,19
500146,Tech Team 147,choreography design,17
500147,Tech Team 148,VFX music choreography,16
500148,Tech Team 149,VFX choreography music design screenplay costume makeup,20
500149,Tech Team 150,makeup VFX screenplay design costume,11
500150,Tech Team 151,costume choreography,4
500151,Tech Team 152,choreography makeup,3
500152,Tech Team 153,design makeup music screenplay VFX choreography,8
500153,Tech Team 154,music screenplay VFX choreography costume,1
500154,Tech Team 155,music screenplay costume design choreography VFX makeup,35
500155,Tech Team 156,choreography VFX design costume makeup screenplay,19
500156,Tech Team 157,VFX costume choreography music screenplay makeup,25
500157,Tech Team 158,makeup design music choreography costume,20
500158,Tech Team 159,design costume screenplay VFX,31
500159,Tech Team 160,design makeup screenplay choreography,9
500160,Tech Team 161,costume choreography VFX design music screenplay makeup,3
500161,Tech Team 162,VFX makeup music,27
500162,Tech Team 163,screenplay costume,31
500163,Tech Team 164,design costume makeup choreography screenplay music VFX,13
500164,Tech Team 165,costume,6
500165,Tech Team 166,costume makeup design,4
500166,Tech Team 167,VFX design music costume makeup,22
500167,Tech Team 168,screenplay,25
500168,Tech Team 169,VFX choreography makeup design costume,20
500169,Tech Team 170,costume choreography screenplay makeup,12
500170,Tech Team 171,design costume VFX music choreography makeup screenplay,22
500171,Tech Team 172,screenplay VFX makeup music costume design choreography,5
500172,Tech Team 173,design,12
500173,Tech Team 174,music costume,24
500174,Tech Team 175,music VFX screenplay,25
500175,Tech Team 176,choreography music design makeup screenplay costume,9
500176,Tech Team 177,VFX choreography music makeup screenplay design costume,16
500177,Tech Team 178,music design VFX screenplay makeup choreography costume,22
500178,Tech Team 179,screenplay choreography,35
500179,Tech Team 180,music screenplay costume makeup VFX choreography,10
500180,Tech Team 181,design music choreography VFX,2
500181,Tech Team 182,music makeup choreography VFX screenplay,23
500182,Tech Team 183,choreography,17
500183,Tech Team 184,VFX music,26
500184,Tech Team 185,screenplay music choreography,23
500185,Tech Team 186,screenplay music choreography VFX makeup design,16
500186,Tech Team 187,choreography makeup design screenplay music costume,15
500187,Tech Team 188,design makeup choreography music costume,24
500188,Tech Team 189,music choreography screenplay VFX,3
500189,Tech Team 190,makeup costume design VFX,11
500190,Tech Team 191,screenplay costume VFX design choreography music makeup,3
500191,Tech Team 192,design costume makeup screenplay,17
500192,Tech Team 193,choreography music costume design,3
500193,Tech Team 194,costume choreography makeup VFX screenplay music design,20
500194,Tech Team 195,choreography screenplay VFX,9
500195,Tech Team 196,screenplay design VFX costume choreography,16
500196,Tech Team 197,costume,25
500197,Tech Team 198,choreography VFX makeup,14
500198,Tech Team 199,screenplay VFX choreography music design,17
500199,Tech Team 200,VFX choreography,33
500200,Tech Team 201,costume music design choreography screenplay makeup VFX,27
500201,Tech Team 202,VFX screenplay,28
500202,Tech Team 203,screenplay music costume choreography VFX makeup,21
500203,Tech Team 204,design costume choreography music makeup,2
500204,Tech Team 205,choreography design,27
500205,Tech Team 206,screenplay design costume VFX music makeup choreography,25
500206,Tech Team 207,VFX costume music choreography,31
500207,Tech Team 208,music makeup VFX design,33
500208,Tech Team 209,design costume VFX,24
500209,Tech Team 210,makeup music screenplay,27
500210,Tech Team 211,makeup screenplay music costume VFX,23
500211,Tech Team 212,screenplay design makeup choreography,19
500212,Tech Team 213,VFX makeup music costume,28
500213,Tech Team 214,VFX music design choreography costume screenplay makeup,12
500214,Tech Team 215,VFX design screenplay music,10
500215,Tech Team 216,costume choreography,7
500216,Tech Team 217,choreography music design,1
500217,Tech Team 218,design choreography VFX makeup costume screenplay music,31
500218,Tech Team 219,choreography,10
500219,Tech Team 220,choreography VFX,23
500220,Tech Team 221,choreography costume design makeup music,9
500221,Tech Team 222,music screenplay choreography makeup costume,10
500222,Tech Team 223,VFX,18
500223,Tech Team 224,choreography,20
500224,Tech Team 225,screenplay music design VFX makeup costume choreography,17
500225,Tech Team 226,makeup design costume screenplay,13
500226,Tech Team 227,makeup design music screenplay,10
500227,Tech Team 228,music VFX makeup choreography design costume,34
500228,Tech Team 229,makeup,28
500229,Tech Team 230,makeup,12
500230,Tech Team 231,choreography costume VFX,8
500231,Tech Team 232,VFX,23
500232,Tech Team 233,costume design makeup,35
500233,Tech Team 234,costume screenplay music,7
500234,Tech Team 235,costume choreography design makeup VFX music screenplay,16
500235,Tech Team 236,choreography music screenplay makeup,25
500236,Tech Team 237,design choreography screenplay VFX makeup,29
500237,Tech Team 238,VFX costume makeup choreography,33
500238,Tech Team 239,music screenplay costume VFX,29
500239,Tech Team 240,VFX makeup design,28
500240,Tech Team 241,VFX screenplay design choreography makeup music costume,20
500241,Tech Team 242,design screenplay VFX makeup,31
500242,Tech Team 243,screenplay music choreography,16
500243,Tech Team 244,VFX,26
500244,Tech Team 245,makeup design choreography music costume,2
500245,Tech Team 246,makeup choreography screenplay music VFX,17
500246,Tech Team 247,design music makeup costume VFX,8
500247,Tech Team 248,screenplay music makeup,2
500248,Tech Team 249,music choreography,15
500249,Tech Team 250,design,4
